{
  "base": "cubicMetre",
  "conversions": {
    "cubicMetre": [[0, 1], [0, 1]],
    "millilitre": [[0, 1], [0, 1e6]],
    "litre": [[0, 1], [0, 1e3]],
    "cubicInch": [[0, 0.000016387064], [0, 1]],
    "cubicFoot": [[0, 0.028316846592000004], [0, 1]],
    "imperialFluidOunce": [[0, 0.0000284130625], [0, 1]],
    "imperialGill": [[0, 0.0001420653125], [0, 1]],
    "imperialPint": [[0, 0.00056826125], [0, 1]],
    "imperialQuart": [[0, 0.0011365225], [0, 1]],
    "imperialGallon": [[0, 0.00454609], [0, 1]],
    "USDram": [[0, 0.0000036966911953125], [0, 1]],
    "USFluidOunce": [[0, 0.0000295735295625], [0, 1]],
    "USGill": [[0, 0.00011829411825], [0, 1]],
    "USCup": [[0, 0.0002365882365], [0, 1]],
    "USPint": [[0, 0.000473176473], [0, 1]],
    "USQuart": [[0, 0.000946352946], [0, 1]],
    "USGallon": [[0, 0.003785411784], [0, 1]]
  }
}
